date,serum,virus,replicate,concentration,fraction infectivity
2025-07-24,Nirsevimab IgG,RSV Long 1,1,6.667,7.905e-05
2025-07-24,Nirsevimab IgG,RSV Long 1,1,1.905,7.087e-05
2025-07-24,Nirsevimab IgG,RSV Long 1,1,0.5442,0.0001008
2025-07-24,Nirsevimab IgG,RSV Long 1,1,0.1555,0.000423
2025-07-24,Nirsevimab IgG,RSV Long 1,1,0.04443,0.0568
2025-07-24,Nirsevimab IgG,RSV Long 1,1,0.01269,0.4285
2025-07-24,Nirsevimab IgG,RSV Long 1,1,0.003627,0.7987
2025-07-24,Nirsevimab IgG,RSV Long 1,1,0.001036,0.7692
2025-07-24,Nirsevimab IgG,RSV Long 1,1,0.0002961,0.9084
2025-07-24,Nirsevimab IgG,RSV Long 1,2,6.667,0.0001519
2025-07-24,Nirsevimab IgG,RSV Long 1,2,1.905,9.392e-05
2025-07-24,Nirsevimab IgG,RSV Long 1,2,0.5442,8.096e-05
2025-07-24,Nirsevimab IgG,RSV Long 1,2,0.1555,0.0003438
2025-07-24,Nirsevimab IgG,RSV Long 1,2,0.04443,0.01886
2025-07-24,Nirsevimab IgG,RSV Long 1,2,0.01269,0.5622
2025-07-24,Nirsevimab IgG,RSV Long 1,2,0.003627,0.9168
2025-07-24,Nirsevimab IgG,RSV Long 1,2,0.001036,0.6873
2025-07-24,Nirsevimab IgG,RSV Long 1,2,0.0002961,0.9192
2025-07-24,Nirsevimab Fab,RSV Long 1,1,500,7.748e-05
2025-07-24,Nirsevimab Fab,RSV Long 1,1,100,0.0001162
2025-07-24,Nirsevimab Fab,RSV Long 1,1,20,9.438e-05
2025-07-24,Nirsevimab Fab,RSV Long 1,1,4,0.0002438
2025-07-24,Nirsevimab Fab,RSV Long 1,1,0.8,0.0003428
2025-07-24,Nirsevimab Fab,RSV Long 1,1,0.16,0.006521
2025-07-24,Nirsevimab Fab,RSV Long 1,1,0.032,0.2956
2025-07-24,Nirsevimab Fab,RSV Long 1,1,0.0064,0.7464
2025-07-24,Nirsevimab Fab,RSV Long 1,1,0.00128,0.7762
2025-07-24,Nirsevimab Fab,RSV Long 1,2,500,7.217e-05
2025-07-24,Nirsevimab Fab,RSV Long 1,2,100,0.0001261
2025-07-24,Nirsevimab Fab,RSV Long 1,2,20,8.609e-05
2025-07-24,Nirsevimab Fab,RSV Long 1,2,4,0.0002717
2025-07-24,Nirsevimab Fab,RSV Long 1,2,0.8,0.000354
2025-07-24,Nirsevimab Fab,RSV Long 1,2,0.16,0.01716
2025-07-24,Nirsevimab Fab,RSV Long 1,2,0.032,0.5605
2025-07-24,Nirsevimab Fab,RSV Long 1,2,0.0064,0.828
2025-07-24,Nirsevimab Fab,RSV Long 1,2,0.00128,0.9335
2025-07-24,Nirsevimab IgG,RSV B1 1,1,6.667,4.305e-05
2025-07-24,Nirsevimab IgG,RSV B1 1,1,1.905,0.0001399
2025-07-24,Nirsevimab IgG,RSV B1 1,1,0.5442,0.0002931
2025-07-24,Nirsevimab IgG,RSV B1 1,1,0.1555,0.08181
2025-07-24,Nirsevimab IgG,RSV B1 1,1,0.04443,0.3737
2025-07-24,Nirsevimab IgG,RSV B1 1,1,0.01269,0.6104
2025-07-24,Nirsevimab IgG,RSV B1 1,1,0.003627,0.857
2025-07-24,Nirsevimab IgG,RSV B1 1,1,0.001036,0.9126
2025-07-24,Nirsevimab IgG,RSV B1 1,1,0.0002961,1.037
2025-07-24,Nirsevimab IgG,RSV B1 1,2,6.667,0.0001782
2025-07-24,Nirsevimab IgG,RSV B1 1,2,1.905,0.0001124
2025-07-24,Nirsevimab IgG,RSV B1 1,2,0.5442,0.0001793
2025-07-24,Nirsevimab IgG,RSV B1 1,2,0.1555,0.0419
2025-07-24,Nirsevimab IgG,RSV B1 1,2,0.04443,0.4794
2025-07-24,Nirsevimab IgG,RSV B1 1,2,0.01269,0.5777
2025-07-24,Nirsevimab IgG,RSV B1 1,2,0.003627,0.8784
2025-07-24,Nirsevimab IgG,RSV B1 1,2,0.001036,1.13
2025-07-24,Nirsevimab IgG,RSV B1 1,2,0.0002961,0.8469
2025-07-24,Nirsevimab Fab,RSV B1 1,1,500,0.0002332
2025-07-24,Nirsevimab Fab,RSV B1 1,1,100,0.02238
2025-07-24,Nirsevimab Fab,RSV B1 1,1,20,0.163
2025-07-24,Nirsevimab Fab,RSV B1 1,1,4,0.4718
2025-07-24,Nirsevimab Fab,RSV B1 1,1,0.8,0.829
2025-07-24,Nirsevimab Fab,RSV B1 1,1,0.16,0.8919
2025-07-24,Nirsevimab Fab,RSV B1 1,1,0.032,0.9566
2025-07-24,Nirsevimab Fab,RSV B1 1,1,0.0064,0.964
2025-07-24,Nirsevimab Fab,RSV B1 1,1,0.00128,0.9847
2025-07-24,Nirsevimab Fab,RSV B1 1,2,500,0.0001582
2025-07-24,Nirsevimab Fab,RSV B1 1,2,100,0.0472
2025-07-24,Nirsevimab Fab,RSV B1 1,2,20,0.09982
2025-07-24,Nirsevimab Fab,RSV B1 1,2,4,0.3301
2025-07-24,Nirsevimab Fab,RSV B1 1,2,0.8,0.8192
2025-07-24,Nirsevimab Fab,RSV B1 1,2,0.16,0.8845
2025-07-24,Nirsevimab Fab,RSV B1 1,2,0.032,1.116
2025-07-24,Nirsevimab Fab,RSV B1 1,2,0.0064,0.9432
2025-07-24,Nirsevimab Fab,RSV B1 1,2,0.00128,0.9249
2025-07-24,Nirsevimab IgG,RSV A2020 1,1,6.667,0.00107
2025-07-24,Nirsevimab IgG,RSV A2020 1,1,1.905,0.001587
2025-07-24,Nirsevimab IgG,RSV A2020 1,1,0.5442,0.0009281
2025-07-24,Nirsevimab IgG,RSV A2020 1,1,0.1555,0.02914
2025-07-24,Nirsevimab IgG,RSV A2020 1,1,0.04443,0.472
2025-07-24,Nirsevimab IgG,RSV A2020 1,1,0.01269,0.7262
2025-07-24,Nirsevimab IgG,RSV A2020 1,1,0.003627,0.8896
2025-07-24,Nirsevimab IgG,RSV A2020 1,1,0.001036,0.813
2025-07-24,Nirsevimab IgG,RSV A2020 1,1,0.0002961,0.976
2025-07-24,Nirsevimab IgG,RSV A2020 1,2,6.667,8.42e-05
2025-07-24,Nirsevimab IgG,RSV A2020 1,2,1.905,0.001998
2025-07-24,Nirsevimab IgG,RSV A2020 1,2,0.5442,0.0003673
2025-07-24,Nirsevimab IgG,RSV A2020 1,2,0.1555,0.009885
2025-07-24,Nirsevimab IgG,RSV A2020 1,2,0.04443,0.418
2025-07-24,Nirsevimab IgG,RSV A2020 1,2,0.01269,0.8042
2025-07-24,Nirsevimab IgG,RSV A2020 1,2,0.003627,0.8123
2025-07-24,Nirsevimab IgG,RSV A2020 1,2,0.001036,0.9571
2025-07-24,Nirsevimab IgG,RSV A2020 1,2,0.0002961,0.9622
2025-07-24,Nirsevimab Fab,RSV A2020 1,1,500,0.0001742
2025-07-24,Nirsevimab Fab,RSV A2020 1,1,100,0.0003065
2025-07-24,Nirsevimab Fab,RSV A2020 1,1,20,0.00642
2025-07-24,Nirsevimab Fab,RSV A2020 1,1,4,0.001043
2025-07-24,Nirsevimab Fab,RSV A2020 1,1,0.8,0.0008533
2025-07-24,Nirsevimab Fab,RSV A2020 1,1,0.16,0.08095
2025-07-24,Nirsevimab Fab,RSV A2020 1,1,0.032,0.6358
2025-07-24,Nirsevimab Fab,RSV A2020 1,1,0.0064,0.8675
2025-07-24,Nirsevimab Fab,RSV A2020 1,1,0.00128,1.029
2025-07-24,Nirsevimab Fab,RSV A2020 1,2,500,0.000182
2025-07-24,Nirsevimab Fab,RSV A2020 1,2,100,0.0001876
2025-07-24,Nirsevimab Fab,RSV A2020 1,2,20,0.0007377
2025-07-24,Nirsevimab Fab,RSV A2020 1,2,4,0.0004051
2025-07-24,Nirsevimab Fab,RSV A2020 1,2,0.8,0.005658
2025-07-24,Nirsevimab Fab,RSV A2020 1,2,0.16,0.05516
2025-07-24,Nirsevimab Fab,RSV A2020 1,2,0.032,0.5392
2025-07-24,Nirsevimab Fab,RSV A2020 1,2,0.0064,0.9114
2025-07-24,Nirsevimab Fab,RSV A2020 1,2,0.00128,0.9925
2025-07-24,Nirsevimab IgG,RSV B2024 1,1,6.667,0.007006
2025-07-24,Nirsevimab IgG,RSV B2024 1,1,1.905,0.01416
2025-07-24,Nirsevimab IgG,RSV B2024 1,1,0.5442,0.003856
2025-07-24,Nirsevimab IgG,RSV B2024 1,1,0.1555,0.007544
2025-07-24,Nirsevimab IgG,RSV B2024 1,1,0.04443,0.236
2025-07-24,Nirsevimab IgG,RSV B2024 1,1,0.01269,0.6636
2025-07-24,Nirsevimab IgG,RSV B2024 1,1,0.003627,0.8663
2025-07-24,Nirsevimab IgG,RSV B2024 1,1,0.001036,0.9533
2025-07-24,Nirsevimab IgG,RSV B2024 1,1,0.0002961,1.008
2025-07-24,Nirsevimab IgG,RSV B2024 1,2,6.667,0.008137
2025-07-24,Nirsevimab IgG,RSV B2024 1,2,1.905,0.007599
2025-07-24,Nirsevimab IgG,RSV B2024 1,2,0.5442,0.01055
2025-07-24,Nirsevimab IgG,RSV B2024 1,2,0.1555,0.01933
2025-07-24,Nirsevimab IgG,RSV B2024 1,2,0.04443,0.3001
2025-07-24,Nirsevimab IgG,RSV B2024 1,2,0.01269,0.6944
2025-07-24,Nirsevimab IgG,RSV B2024 1,2,0.003627,0.8835
2025-07-24,Nirsevimab IgG,RSV B2024 1,2,0.001036,0.9829
2025-07-24,Nirsevimab IgG,RSV B2024 1,2,0.0002961,0.9162
2025-07-24,Nirsevimab Fab,RSV B2024 1,1,500,0.008977
2025-07-24,Nirsevimab Fab,RSV B2024 1,1,100,0.007548
2025-07-24,Nirsevimab Fab,RSV B2024 1,1,20,0.03116
2025-07-24,Nirsevimab Fab,RSV B2024 1,1,4,0.2925
2025-07-24,Nirsevimab Fab,RSV B2024 1,1,0.8,0.7249
2025-07-24,Nirsevimab Fab,RSV B2024 1,1,0.16,1.044
2025-07-24,Nirsevimab Fab,RSV B2024 1,1,0.032,1.106
2025-07-24,Nirsevimab Fab,RSV B2024 1,1,0.0064,1.137
2025-07-24,Nirsevimab Fab,RSV B2024 1,1,0.00128,1.213
2025-07-24,Nirsevimab Fab,RSV B2024 1,2,500,0.01318
2025-07-24,Nirsevimab Fab,RSV B2024 1,2,100,0.005391
2025-07-24,Nirsevimab Fab,RSV B2024 1,2,20,0.02729
2025-07-24,Nirsevimab Fab,RSV B2024 1,2,4,0.2892
2025-07-24,Nirsevimab Fab,RSV B2024 1,2,0.8,0.7159
2025-07-24,Nirsevimab Fab,RSV B2024 1,2,0.16,0.9713
2025-07-24,Nirsevimab Fab,RSV B2024 1,2,0.032,1.064
2025-07-24,Nirsevimab Fab,RSV B2024 1,2,0.0064,1.118
2025-07-24,Nirsevimab Fab,RSV B2024 1,2,0.00128,1.196
2025-07-24,Clesrovimab IgG,RSV Long 2,1,6.667,7.556e-05
2025-07-24,Clesrovimab IgG,RSV Long 2,1,1.905,0.0001485
2025-07-24,Clesrovimab IgG,RSV Long 2,1,0.5442,0.000108
2025-07-24,Clesrovimab IgG,RSV Long 2,1,0.1555,0.0003717
2025-07-24,Clesrovimab IgG,RSV Long 2,1,0.04443,0.001748
2025-07-24,Clesrovimab IgG,RSV Long 2,1,0.01269,0.03396
2025-07-24,Clesrovimab IgG,RSV Long 2,1,0.003627,0.14
2025-07-24,Clesrovimab IgG,RSV Long 2,1,0.001036,0.7522
2025-07-24,Clesrovimab IgG,RSV Long 2,1,0.0002961,0.8834
2025-07-24,Clesrovimab IgG,RSV Long 2,2,6.667,5.173e-05
2025-07-24,Clesrovimab IgG,RSV Long 2,2,1.905,6.678e-05
2025-07-24,Clesrovimab IgG,RSV Long 2,2,0.5442,0.0001157
2025-07-24,Clesrovimab IgG,RSV Long 2,2,0.1555,0.0002955
2025-07-24,Clesrovimab IgG,RSV Long 2,2,0.04443,0.0009152
2025-07-24,Clesrovimab IgG,RSV Long 2,2,0.01269,0.02074
2025-07-24,Clesrovimab IgG,RSV Long 2,2,0.003627,0.2109
2025-07-24,Clesrovimab IgG,RSV Long 2,2,0.001036,0.562
2025-07-24,Clesrovimab IgG,RSV Long 2,2,0.0002961,0.7618
2025-07-24,Clesrovimab Fab,RSV Long 2,1,500,0.0001483
2025-07-24,Clesrovimab Fab,RSV Long 2,1,100,0.0001147
2025-07-24,Clesrovimab Fab,RSV Long 2,1,20,8.72e-05
2025-07-24,Clesrovimab Fab,RSV Long 2,1,4,0.0002366
2025-07-24,Clesrovimab Fab,RSV Long 2,1,0.8,0.0003438
2025-07-24,Clesrovimab Fab,RSV Long 2,1,0.16,0.006869
2025-07-24,Clesrovimab Fab,RSV Long 2,1,0.032,0.2974
2025-07-24,Clesrovimab Fab,RSV Long 2,1,0.0064,1.028
2025-07-24,Clesrovimab Fab,RSV Long 2,1,0.00128,0.7881
2025-07-24,Clesrovimab Fab,RSV Long 2,2,500,0.0001263
2025-07-24,Clesrovimab Fab,RSV Long 2,2,100,0.0007353
2025-07-24,Clesrovimab Fab,RSV Long 2,2,20,0.000155
2025-07-24,Clesrovimab Fab,RSV Long 2,2,4,0.0001477
2025-07-24,Clesrovimab Fab,RSV Long 2,2,0.8,0.0003522
2025-07-24,Clesrovimab Fab,RSV Long 2,2,0.16,0.0132
2025-07-24,Clesrovimab Fab,RSV Long 2,2,0.032,0.2025
2025-07-24,Clesrovimab Fab,RSV Long 2,2,0.0064,0.7461
2025-07-24,Clesrovimab Fab,RSV Long 2,2,0.00128,1.107
2025-07-24,Clesrovimab IgG,RSV B1 2,1,6.667,0.001786
2025-07-24,Clesrovimab IgG,RSV B1 2,1,1.905,0.0001073
2025-07-24,Clesrovimab IgG,RSV B1 2,1,0.5442,0.0002324
2025-07-24,Clesrovimab IgG,RSV B1 2,1,0.1555,0.000591
2025-07-24,Clesrovimab IgG,RSV B1 2,1,0.04443,0.002454
2025-07-24,Clesrovimab IgG,RSV B1 2,1,0.01269,0.1323
2025-07-24,Clesrovimab IgG,RSV B1 2,1,0.003627,0.4
2025-07-24,Clesrovimab IgG,RSV B1 2,1,0.001036,0.8168
2025-07-24,Clesrovimab IgG,RSV B1 2,1,0.0002961,0.9749
2025-07-24,Clesrovimab IgG,RSV B1 2,2,6.667,6.821e-05
2025-07-24,Clesrovimab IgG,RSV B1 2,2,1.905,0.0002065
2025-07-24,Clesrovimab IgG,RSV B1 2,2,0.5442,0.0001906
2025-07-24,Clesrovimab IgG,RSV B1 2,2,0.1555,0.0007618
2025-07-24,Clesrovimab IgG,RSV B1 2,2,0.04443,0.01053
2025-07-24,Clesrovimab IgG,RSV B1 2,2,0.01269,0.14
2025-07-24,Clesrovimab IgG,RSV B1 2,2,0.003627,0.3156
2025-07-24,Clesrovimab IgG,RSV B1 2,2,0.001036,0.7337
2025-07-24,Clesrovimab IgG,RSV B1 2,2,0.0002961,0.863
2025-07-24,Clesrovimab Fab,RSV B1 2,1,500,0.0001187
2025-07-24,Clesrovimab Fab,RSV B1 2,1,100,0.0004406
2025-07-24,Clesrovimab Fab,RSV B1 2,1,20,0.000642
2025-07-24,Clesrovimab Fab,RSV B1 2,1,4,0.001076
2025-07-24,Clesrovimab Fab,RSV B1 2,1,0.8,0.007172
2025-07-24,Clesrovimab Fab,RSV B1 2,1,0.16,0.06909
2025-07-24,Clesrovimab Fab,RSV B1 2,1,0.032,0.6316
2025-07-24,Clesrovimab Fab,RSV B1 2,1,0.0064,0.8772
2025-07-24,Clesrovimab Fab,RSV B1 2,1,0.00128,1.04
2025-07-24,Clesrovimab Fab,RSV B1 2,2,500,0.005929
2025-07-24,Clesrovimab Fab,RSV B1 2,2,100,0.0003776
2025-07-24,Clesrovimab Fab,RSV B1 2,2,20,0.001192
2025-07-24,Clesrovimab Fab,RSV B1 2,2,4,0.002381
2025-07-24,Clesrovimab Fab,RSV B1 2,2,0.8,0.004047
2025-07-24,Clesrovimab Fab,RSV B1 2,2,0.16,0.07385
2025-07-24,Clesrovimab Fab,RSV B1 2,2,0.032,0.4925
2025-07-24,Clesrovimab Fab,RSV B1 2,2,0.0064,1.002
2025-07-24,Clesrovimab Fab,RSV B1 2,2,0.00128,0.9725
2025-07-24,Clesrovimab IgG,RSV A2020 2,1,6.667,0.0001415
2025-07-24,Clesrovimab IgG,RSV A2020 2,1,1.905,0.0002515
2025-07-24,Clesrovimab IgG,RSV A2020 2,1,0.5442,0.0002858
2025-07-24,Clesrovimab IgG,RSV A2020 2,1,0.1555,0.006097
2025-07-24,Clesrovimab IgG,RSV A2020 2,1,0.04443,0.0631
2025-07-24,Clesrovimab IgG,RSV A2020 2,1,0.01269,0.3293
2025-07-24,Clesrovimab IgG,RSV A2020 2,1,0.003627,0.7768
2025-07-24,Clesrovimab IgG,RSV A2020 2,1,0.001036,0.7654
2025-07-24,Clesrovimab IgG,RSV A2020 2,1,0.0002961,0.8393
2025-07-24,Clesrovimab IgG,RSV A2020 2,2,6.667,0.000121
2025-07-24,Clesrovimab IgG,RSV A2020 2,2,1.905,0.0002496
2025-07-24,Clesrovimab IgG,RSV A2020 2,2,0.5442,0.001509
2025-07-24,Clesrovimab IgG,RSV A2020 2,2,0.1555,0.00656
2025-07-24,Clesrovimab IgG,RSV A2020 2,2,0.04443,0.06793
2025-07-24,Clesrovimab IgG,RSV A2020 2,2,0.01269,0.3572
2025-07-24,Clesrovimab IgG,RSV A2020 2,2,0.003627,0.7468
2025-07-24,Clesrovimab IgG,RSV A2020 2,2,0.001036,0.8731
2025-07-24,Clesrovimab IgG,RSV A2020 2,2,0.0002961,1.03
2025-07-24,Clesrovimab Fab,RSV A2020 2,1,500,0.0003185
2025-07-24,Clesrovimab Fab,RSV A2020 2,1,100,0.001322
2025-07-24,Clesrovimab Fab,RSV A2020 2,1,20,0.0009477
2025-07-24,Clesrovimab Fab,RSV A2020 2,1,4,0.0005317
2025-07-24,Clesrovimab Fab,RSV A2020 2,1,0.8,0.004572
2025-07-24,Clesrovimab Fab,RSV A2020 2,1,0.16,0.03833
2025-07-24,Clesrovimab Fab,RSV A2020 2,1,0.032,0.3936
2025-07-24,Clesrovimab Fab,RSV A2020 2,1,0.0064,0.8826
2025-07-24,Clesrovimab Fab,RSV A2020 2,1,0.00128,0.9437
2025-07-24,Clesrovimab Fab,RSV A2020 2,2,500,0.0005587
2025-07-24,Clesrovimab Fab,RSV A2020 2,2,100,0.001241
2025-07-24,Clesrovimab Fab,RSV A2020 2,2,20,0.0003374
2025-07-24,Clesrovimab Fab,RSV A2020 2,2,4,0.0003631
2025-07-24,Clesrovimab Fab,RSV A2020 2,2,0.8,0.0008157
2025-07-24,Clesrovimab Fab,RSV A2020 2,2,0.16,0.04056
2025-07-24,Clesrovimab Fab,RSV A2020 2,2,0.032,0.3951
2025-07-24,Clesrovimab Fab,RSV A2020 2,2,0.0064,0.8658
2025-07-24,Clesrovimab Fab,RSV A2020 2,2,0.00128,1.072
2025-07-24,Clesrovimab IgG,RSV B2024 2,1,6.667,0.01745
2025-07-24,Clesrovimab IgG,RSV B2024 2,1,1.905,0.01323
2025-07-24,Clesrovimab IgG,RSV B2024 2,1,0.5442,0.01075
2025-07-24,Clesrovimab IgG,RSV B2024 2,1,0.1555,0.01739
2025-07-24,Clesrovimab IgG,RSV B2024 2,1,0.04443,0.08737
2025-07-24,Clesrovimab IgG,RSV B2024 2,1,0.01269,0.4538
2025-07-24,Clesrovimab IgG,RSV B2024 2,1,0.003627,0.7264
2025-07-24,Clesrovimab IgG,RSV B2024 2,1,0.001036,0.8168
2025-07-24,Clesrovimab IgG,RSV B2024 2,1,0.0002961,0.9552
2025-07-24,Clesrovimab IgG,RSV B2024 2,2,6.667,0.01254
2025-07-24,Clesrovimab IgG,RSV B2024 2,2,1.905,0.01721
2025-07-24,Clesrovimab IgG,RSV B2024 2,2,0.5442,0.008773
2025-07-24,Clesrovimab IgG,RSV B2024 2,2,0.1555,0.03985
2025-07-24,Clesrovimab IgG,RSV B2024 2,2,0.04443,0.101
2025-07-24,Clesrovimab IgG,RSV B2024 2,2,0.01269,0.4191
2025-07-24,Clesrovimab IgG,RSV B2024 2,2,0.003627,0.7381
2025-07-24,Clesrovimab IgG,RSV B2024 2,2,0.001036,1.168
2025-07-24,Clesrovimab IgG,RSV B2024 2,2,0.0002961,1.048
2025-07-24,Clesrovimab Fab,RSV B2024 2,1,500,0.01556
2025-07-24,Clesrovimab Fab,RSV B2024 2,1,100,0.01244
2025-07-24,Clesrovimab Fab,RSV B2024 2,1,20,0.01561
2025-07-24,Clesrovimab Fab,RSV B2024 2,1,4,0.01685
2025-07-24,Clesrovimab Fab,RSV B2024 2,1,0.8,0.04335
2025-07-24,Clesrovimab Fab,RSV B2024 2,1,0.16,0.3384
2025-07-24,Clesrovimab Fab,RSV B2024 2,1,0.032,0.7667
2025-07-24,Clesrovimab Fab,RSV B2024 2,1,0.0064,0.9689
2025-07-24,Clesrovimab Fab,RSV B2024 2,1,0.00128,1.202
2025-07-24,Clesrovimab Fab,RSV B2024 2,2,500,0.007925
2025-07-24,Clesrovimab Fab,RSV B2024 2,2,100,0.01078
2025-07-24,Clesrovimab Fab,RSV B2024 2,2,20,0.007573
2025-07-24,Clesrovimab Fab,RSV B2024 2,2,4,0.01376
2025-07-24,Clesrovimab Fab,RSV B2024 2,2,0.8,0.04043
2025-07-24,Clesrovimab Fab,RSV B2024 2,2,0.16,0.2573
2025-07-24,Clesrovimab Fab,RSV B2024 2,2,0.032,0.6582
2025-07-24,Clesrovimab Fab,RSV B2024 2,2,0.0064,1.237
2025-07-24,Clesrovimab Fab,RSV B2024 2,2,0.00128,1.073
2025-07-24,Suptavumab IgG,RSV Long 3,1,6.667,4.656e-05
2025-07-24,Suptavumab IgG,RSV Long 3,1,1.905,8.739e-05
2025-07-24,Suptavumab IgG,RSV Long 3,1,0.5442,0.0001494
2025-07-24,Suptavumab IgG,RSV Long 3,1,0.1555,0.0004022
2025-07-24,Suptavumab IgG,RSV Long 3,1,0.04443,0.01654
2025-07-24,Suptavumab IgG,RSV Long 3,1,0.01269,0.192
2025-07-24,Suptavumab IgG,RSV Long 3,1,0.003627,0.6603
2025-07-24,Suptavumab IgG,RSV Long 3,1,0.001036,0.7293
2025-07-24,Suptavumab IgG,RSV Long 3,1,0.0002961,1.071
2025-07-24,Suptavumab IgG,RSV Long 3,2,6.667,4.268e-05
2025-07-24,Suptavumab IgG,RSV Long 3,2,1.905,5.099e-05
2025-07-24,Suptavumab IgG,RSV Long 3,2,0.5442,0.0001861
2025-07-24,Suptavumab IgG,RSV Long 3,2,0.1555,0.01203
2025-07-24,Suptavumab IgG,RSV Long 3,2,0.04443,0.02498
2025-07-24,Suptavumab IgG,RSV Long 3,2,0.01269,0.3321
2025-07-24,Suptavumab IgG,RSV Long 3,2,0.003627,0.4115
2025-07-24,Suptavumab IgG,RSV Long 3,2,0.001036,0.9254
2025-07-24,Suptavumab IgG,RSV Long 3,2,0.0002961,0.9611
2025-07-24,Suptavumab Fab,RSV Long 3,1,500,0.0004338
2025-07-24,Suptavumab Fab,RSV Long 3,1,100,0.0001156
2025-07-24,Suptavumab Fab,RSV Long 3,1,20,0.0004118
2025-07-24,Suptavumab Fab,RSV Long 3,1,4,0.0001755
2025-07-24,Suptavumab Fab,RSV Long 3,1,0.8,0.0004839
2025-07-24,Suptavumab Fab,RSV Long 3,1,0.16,0.02744
2025-07-24,Suptavumab Fab,RSV Long 3,1,0.032,0.439
2025-07-24,Suptavumab Fab,RSV Long 3,1,0.0064,0.7335
2025-07-24,Suptavumab Fab,RSV Long 3,1,0.00128,0.9618
2025-07-24,Suptavumab Fab,RSV Long 3,2,500,0.000109
2025-07-24,Suptavumab Fab,RSV Long 3,2,100,9.925e-05
2025-07-24,Suptavumab Fab,RSV Long 3,2,20,0.0001533
2025-07-24,Suptavumab Fab,RSV Long 3,2,4,0.0002277
2025-07-24,Suptavumab Fab,RSV Long 3,2,0.8,0.0003421
2025-07-24,Suptavumab Fab,RSV Long 3,2,0.16,0.01829
2025-07-24,Suptavumab Fab,RSV Long 3,2,0.032,0.5136
2025-07-24,Suptavumab Fab,RSV Long 3,2,0.0064,0.9252
2025-07-24,Suptavumab Fab,RSV Long 3,2,0.00128,1.197
2025-07-24,Suptavumab IgG,RSV B1 3,1,6.667,8.033e-05
2025-07-24,Suptavumab IgG,RSV B1 3,1,1.905,0.0001215
2025-07-24,Suptavumab IgG,RSV B1 3,1,0.5442,0.0002801
2025-07-24,Suptavumab IgG,RSV B1 3,1,0.1555,0.01469
2025-07-24,Suptavumab IgG,RSV B1 3,1,0.04443,0.2101
2025-07-24,Suptavumab IgG,RSV B1 3,1,0.01269,0.5206
2025-07-24,Suptavumab IgG,RSV B1 3,1,0.003627,0.7209
2025-07-24,Suptavumab IgG,RSV B1 3,1,0.001036,0.7899
2025-07-24,Suptavumab IgG,RSV B1 3,1,0.0002961,0.8543
2025-07-24,Suptavumab IgG,RSV B1 3,2,6.667,6.697e-05
2025-07-24,Suptavumab IgG,RSV B1 3,2,1.905,0.0001195
2025-07-24,Suptavumab IgG,RSV B1 3,2,0.5442,0.0005627
2025-07-24,Suptavumab IgG,RSV B1 3,2,0.1555,0.01818
2025-07-24,Suptavumab IgG,RSV B1 3,2,0.04443,0.1766
2025-07-24,Suptavumab IgG,RSV B1 3,2,0.01269,0.5557
2025-07-24,Suptavumab IgG,RSV B1 3,2,0.003627,0.861
2025-07-24,Suptavumab IgG,RSV B1 3,2,0.001036,0.8871
2025-07-24,Suptavumab IgG,RSV B1 3,2,0.0002961,1.005
2025-07-24,Suptavumab Fab,RSV B1 3,1,500,0.0001088
2025-07-24,Suptavumab Fab,RSV B1 3,1,100,0.0001546
2025-07-24,Suptavumab Fab,RSV B1 3,1,20,0.0003866
2025-07-24,Suptavumab Fab,RSV B1 3,1,4,0.01205
2025-07-24,Suptavumab Fab,RSV B1 3,1,0.8,0.4389
2025-07-24,Suptavumab Fab,RSV B1 3,1,0.16,0.785
2025-07-24,Suptavumab Fab,RSV B1 3,1,0.032,0.8962
2025-07-24,Suptavumab Fab,RSV B1 3,1,0.0064,1.072
2025-07-24,Suptavumab Fab,RSV B1 3,1,0.00128,1.017
2025-07-24,Suptavumab Fab,RSV B1 3,2,500,0.0001672
2025-07-24,Suptavumab Fab,RSV B1 3,2,100,0.0004312
2025-07-24,Suptavumab Fab,RSV B1 3,2,20,0.0003212
2025-07-24,Suptavumab Fab,RSV B1 3,2,4,0.01161
2025-07-24,Suptavumab Fab,RSV B1 3,2,0.8,0.5172
2025-07-24,Suptavumab Fab,RSV B1 3,2,0.16,1.093
2025-07-24,Suptavumab Fab,RSV B1 3,2,0.032,1.134
2025-07-24,Suptavumab Fab,RSV B1 3,2,0.0064,0.9212
2025-07-24,Suptavumab Fab,RSV B1 3,2,0.00128,1.07
2025-07-24,Suptavumab IgG,RSV A2020 3,1,6.667,0.00175
2025-07-24,Suptavumab IgG,RSV A2020 3,1,1.905,0.0002743
2025-07-24,Suptavumab IgG,RSV A2020 3,1,0.5442,0.0009943
2025-07-24,Suptavumab IgG,RSV A2020 3,1,0.1555,0.06168
2025-07-24,Suptavumab IgG,RSV A2020 3,1,0.04443,0.2943
2025-07-24,Suptavumab IgG,RSV A2020 3,1,0.01269,0.6671
2025-07-24,Suptavumab IgG,RSV A2020 3,1,0.003627,0.9065
2025-07-24,Suptavumab IgG,RSV A2020 3,1,0.001036,0.8535
2025-07-24,Suptavumab IgG,RSV A2020 3,1,0.0002961,0.8876
2025-07-24,Suptavumab IgG,RSV A2020 3,2,6.667,0.0001584
2025-07-24,Suptavumab IgG,RSV A2020 3,2,1.905,0.0005949
2025-07-24,Suptavumab IgG,RSV A2020 3,2,0.5442,0.0005878
2025-07-24,Suptavumab IgG,RSV A2020 3,2,0.1555,0.03508
2025-07-24,Suptavumab IgG,RSV A2020 3,2,0.04443,0.2738
2025-07-24,Suptavumab IgG,RSV A2020 3,2,0.01269,0.6144
2025-07-24,Suptavumab IgG,RSV A2020 3,2,0.003627,0.7596
2025-07-24,Suptavumab IgG,RSV A2020 3,2,0.001036,0.9548
2025-07-24,Suptavumab IgG,RSV A2020 3,2,0.0002961,0.918
2025-07-24,Suptavumab Fab,RSV A2020 3,1,500,0.0002245
2025-07-24,Suptavumab Fab,RSV A2020 3,1,100,0.0003511
2025-07-24,Suptavumab Fab,RSV A2020 3,1,20,0.0003501
2025-07-24,Suptavumab Fab,RSV A2020 3,1,4,0.0003524
2025-07-24,Suptavumab Fab,RSV A2020 3,1,0.8,0.004546
2025-07-24,Suptavumab Fab,RSV A2020 3,1,0.16,0.206
2025-07-24,Suptavumab Fab,RSV A2020 3,1,0.032,0.6238
2025-07-24,Suptavumab Fab,RSV A2020 3,1,0.0064,1.065
2025-07-24,Suptavumab Fab,RSV A2020 3,1,0.00128,1.019
2025-07-24,Suptavumab Fab,RSV A2020 3,2,500,0.0005755
2025-07-24,Suptavumab Fab,RSV A2020 3,2,100,0.0002668
2025-07-24,Suptavumab Fab,RSV A2020 3,2,20,0.0002478
2025-07-24,Suptavumab Fab,RSV A2020 3,2,4,0.001797
2025-07-24,Suptavumab Fab,RSV A2020 3,2,0.8,0.001518
2025-07-24,Suptavumab Fab,RSV A2020 3,2,0.16,0.1927
2025-07-24,Suptavumab Fab,RSV A2020 3,2,0.032,0.6943
2025-07-24,Suptavumab Fab,RSV A2020 3,2,0.0064,1.012
2025-07-24,Suptavumab Fab,RSV A2020 3,2,0.00128,1.053
2025-07-24,Suptavumab IgG,RSV B2024 3,1,6.667,1.116
2025-07-24,Suptavumab IgG,RSV B2024 3,1,1.905,1.126
2025-07-24,Suptavumab IgG,RSV B2024 3,1,0.5442,0.9942
2025-07-24,Suptavumab IgG,RSV B2024 3,1,0.1555,1.224
2025-07-24,Suptavumab IgG,RSV B2024 3,1,0.04443,1.033
2025-07-24,Suptavumab IgG,RSV B2024 3,1,0.01269,1.208
2025-07-24,Suptavumab IgG,RSV B2024 3,1,0.003627,0.9318
2025-07-24,Suptavumab IgG,RSV B2024 3,1,0.001036,0.8889
2025-07-24,Suptavumab IgG,RSV B2024 3,1,0.0002961,0.8866
2025-07-24,Suptavumab IgG,RSV B2024 3,2,6.667,1.254
2025-07-24,Suptavumab IgG,RSV B2024 3,2,1.905,1.216
2025-07-24,Suptavumab IgG,RSV B2024 3,2,0.5442,1.029
2025-07-24,Suptavumab IgG,RSV B2024 3,2,0.1555,1.199
2025-07-24,Suptavumab IgG,RSV B2024 3,2,0.04443,1.048
2025-07-24,Suptavumab IgG,RSV B2024 3,2,0.01269,1.075
2025-07-24,Suptavumab IgG,RSV B2024 3,2,0.003627,0.949
2025-07-24,Suptavumab IgG,RSV B2024 3,2,0.001036,0.9962
2025-07-24,Suptavumab IgG,RSV B2024 3,2,0.0002961,0.9459
2025-07-24,Suptavumab Fab,RSV B2024 3,1,500,1.117
2025-07-24,Suptavumab Fab,RSV B2024 3,1,100,1.097
2025-07-24,Suptavumab Fab,RSV B2024 3,1,20,1.223
2025-07-24,Suptavumab Fab,RSV B2024 3,1,4,1.048
2025-07-24,Suptavumab Fab,RSV B2024 3,1,0.8,1.183
2025-07-24,Suptavumab Fab,RSV B2024 3,1,0.16,1.234
2025-07-24,Suptavumab Fab,RSV B2024 3,1,0.032,1.106
2025-07-24,Suptavumab Fab,RSV B2024 3,1,0.0064,1.017
2025-07-24,Suptavumab Fab,RSV B2024 3,1,0.00128,0.9787
2025-07-24,Suptavumab Fab,RSV B2024 3,2,500,1.147
2025-07-24,Suptavumab Fab,RSV B2024 3,2,100,1.181
2025-07-24,Suptavumab Fab,RSV B2024 3,2,20,1.226
2025-07-24,Suptavumab Fab,RSV B2024 3,2,4,1.039
2025-07-24,Suptavumab Fab,RSV B2024 3,2,0.8,1.308
2025-07-24,Suptavumab Fab,RSV B2024 3,2,0.16,1.337
2025-07-24,Suptavumab Fab,RSV B2024 3,2,0.032,1.26
2025-07-24,Suptavumab Fab,RSV B2024 3,2,0.0064,1.183
2025-07-24,Suptavumab Fab,RSV B2024 3,2,0.00128,1.089
2025-08-28,Nirsevimab IgG,RSV Long F K201S ,1,6.667,0.002919
2025-08-28,Nirsevimab IgG,RSV Long F K201S ,1,1.905,0.003359
2025-08-28,Nirsevimab IgG,RSV Long F K201S ,1,0.5442,0.003431
2025-08-28,Nirsevimab IgG,RSV Long F K201S ,1,0.1555,0.00358
2025-08-28,Nirsevimab IgG,RSV Long F K201S ,1,0.04443,0.06671
2025-08-28,Nirsevimab IgG,RSV Long F K201S ,1,0.01269,0.3344
2025-08-28,Nirsevimab IgG,RSV Long F K201S ,1,0.003627,0.4693
2025-08-28,Nirsevimab IgG,RSV Long F K201S ,1,0.001036,0.635
2025-08-28,Nirsevimab IgG,RSV Long F K201S ,1,0.0002961,0.6666
2025-08-28,Nirsevimab IgG,RSV Long F K201S ,2,6.667,0.0004945
2025-08-28,Nirsevimab IgG,RSV Long F K201S ,2,1.905,0.0003691
2025-08-28,Nirsevimab IgG,RSV Long F K201S ,2,0.5442,0.0004212
2025-08-28,Nirsevimab IgG,RSV Long F K201S ,2,0.1555,0.0006889
2025-08-28,Nirsevimab IgG,RSV Long F K201S ,2,0.04443,0.07269
2025-08-28,Nirsevimab IgG,RSV Long F K201S ,2,0.01269,0.288
2025-08-28,Nirsevimab IgG,RSV Long F K201S ,2,0.003627,0.5263
2025-08-28,Nirsevimab IgG,RSV Long F K201S ,2,0.001036,0.6759
2025-08-28,Nirsevimab IgG,RSV Long F K201S ,2,0.0002961,0.7981
2025-08-28,Nirsevimab Fab,RSV Long F K201S ,1,500,0.0004806
2025-08-28,Nirsevimab Fab,RSV Long F K201S ,1,100,0.0005501
2025-08-28,Nirsevimab Fab,RSV Long F K201S ,1,20,0.00637
2025-08-28,Nirsevimab Fab,RSV Long F K201S ,1,4,0.09476
2025-08-28,Nirsevimab Fab,RSV Long F K201S ,1,0.8,0.3662
2025-08-28,Nirsevimab Fab,RSV Long F K201S ,1,0.16,0.7295
2025-08-28,Nirsevimab Fab,RSV Long F K201S ,1,0.032,0.7554
2025-08-28,Nirsevimab Fab,RSV Long F K201S ,1,0.0064,0.7862
2025-08-28,Nirsevimab Fab,RSV Long F K201S ,1,0.00128,0.7113
2025-08-28,Nirsevimab Fab,RSV Long F K201S ,2,500,0.003502
2025-08-28,Nirsevimab Fab,RSV Long F K201S ,2,100,0.003558
2025-08-28,Nirsevimab Fab,RSV Long F K201S ,2,20,0.009339
2025-08-28,Nirsevimab Fab,RSV Long F K201S ,2,4,0.1011
2025-08-28,Nirsevimab Fab,RSV Long F K201S ,2,0.8,0.3807
2025-08-28,Nirsevimab Fab,RSV Long F K201S ,2,0.16,0.6987
2025-08-28,Nirsevimab Fab,RSV Long F K201S ,2,0.032,0.6589
2025-08-28,Nirsevimab Fab,RSV Long F K201S ,2,0.0064,0.7058
2025-08-28,Nirsevimab Fab,RSV Long F K201S ,2,0.00128,0.726
2025-08-28,Nirsevimab IgG,RSV Long F WT ,1,6.667,0.00369
2025-08-28,Nirsevimab IgG,RSV Long F WT ,1,1.905,0.003423
2025-08-28,Nirsevimab IgG,RSV Long F WT ,1,0.5442,0.003601
2025-08-28,Nirsevimab IgG,RSV Long F WT ,1,0.1555,0.003501
2025-08-28,Nirsevimab IgG,RSV Long F WT ,1,0.04443,0.009735
2025-08-28,Nirsevimab IgG,RSV Long F WT ,1,0.01269,0.289
2025-08-28,Nirsevimab IgG,RSV Long F WT ,1,0.003627,0.5455
2025-08-28,Nirsevimab IgG,RSV Long F WT ,1,0.001036,0.7858
2025-08-28,Nirsevimab IgG,RSV Long F WT ,1,0.0002961,0.8742
2025-08-28,Nirsevimab IgG,RSV Long F WT ,2,6.667,0.0003109
2025-08-28,Nirsevimab IgG,RSV Long F WT ,2,1.905,0.0003918
2025-08-28,Nirsevimab IgG,RSV Long F WT ,2,0.5442,0.0004631
2025-08-28,Nirsevimab IgG,RSV Long F WT ,2,0.1555,0.0005289
2025-08-28,Nirsevimab IgG,RSV Long F WT ,2,0.04443,0.007476
2025-08-28,Nirsevimab IgG,RSV Long F WT ,2,0.01269,0.2747
2025-08-28,Nirsevimab IgG,RSV Long F WT ,2,0.003627,0.6113
2025-08-28,Nirsevimab IgG,RSV Long F WT ,2,0.001036,0.8104
2025-08-28,Nirsevimab IgG,RSV Long F WT ,2,0.0002961,0.8216
2025-08-28,Nirsevimab Fab,RSV Long F WT ,1,500,0.0004965
2025-08-28,Nirsevimab Fab,RSV Long F WT ,1,100,0.001369
2025-08-28,Nirsevimab Fab,RSV Long F WT ,1,20,0.0005391
2025-08-28,Nirsevimab Fab,RSV Long F WT ,1,4,0.0006555
2025-08-28,Nirsevimab Fab,RSV Long F WT ,1,0.8,0.0007735
2025-08-28,Nirsevimab Fab,RSV Long F WT ,1,0.16,0.009833
2025-08-28,Nirsevimab Fab,RSV Long F WT ,1,0.032,0.3212
2025-08-28,Nirsevimab Fab,RSV Long F WT ,1,0.0064,0.7312
2025-08-28,Nirsevimab Fab,RSV Long F WT ,1,0.00128,0.8004
2025-08-28,Nirsevimab Fab,RSV Long F WT ,2,500,0.004246
2025-08-28,Nirsevimab Fab,RSV Long F WT ,2,100,0.004164
2025-08-28,Nirsevimab Fab,RSV Long F WT ,2,20,0.004266
2025-08-28,Nirsevimab Fab,RSV Long F WT ,2,4,0.003947
2025-08-28,Nirsevimab Fab,RSV Long F WT ,2,0.8,0.004362
2025-08-28,Nirsevimab Fab,RSV Long F WT ,2,0.16,0.008726
2025-08-28,Nirsevimab Fab,RSV Long F WT ,2,0.032,0.2451
2025-08-28,Nirsevimab Fab,RSV Long F WT ,2,0.0064,0.6633
2025-08-28,Nirsevimab Fab,RSV Long F WT ,2,0.00128,0.7619
2025-08-28,Nirsevimab IgG,RSV Long F K68Q ,1,6.667,0.003906
2025-08-28,Nirsevimab IgG,RSV Long F K68Q ,1,1.905,0.004274
2025-08-28,Nirsevimab IgG,RSV Long F K68Q ,1,0.5442,0.005285
2025-08-28,Nirsevimab IgG,RSV Long F K68Q ,1,0.1555,0.004244
2025-08-28,Nirsevimab IgG,RSV Long F K68Q ,1,0.04443,0.06149
2025-08-28,Nirsevimab IgG,RSV Long F K68Q ,1,0.01269,0.3459
2025-08-28,Nirsevimab IgG,RSV Long F K68Q ,1,0.003627,0.7329
2025-08-28,Nirsevimab IgG,RSV Long F K68Q ,1,0.001036,0.8719
2025-08-28,Nirsevimab IgG,RSV Long F K68Q ,1,0.0002961,1.014
2025-08-28,Nirsevimab IgG,RSV Long F K68Q ,2,6.667,0.000396
2025-08-28,Nirsevimab IgG,RSV Long F K68Q ,2,1.905,0.0005514
2025-08-28,Nirsevimab IgG,RSV Long F K68Q ,2,0.5442,0.0005454
2025-08-28,Nirsevimab IgG,RSV Long F K68Q ,2,0.1555,0.0007678
2025-08-28,Nirsevimab IgG,RSV Long F K68Q ,2,0.04443,0.05576
2025-08-28,Nirsevimab IgG,RSV Long F K68Q ,2,0.01269,0.3429
2025-08-28,Nirsevimab IgG,RSV Long F K68Q ,2,0.003627,0.7375
2025-08-28,Nirsevimab IgG,RSV Long F K68Q ,2,0.001036,0.8926
2025-08-28,Nirsevimab IgG,RSV Long F K68Q ,2,0.0002961,1.015
2025-08-28,Nirsevimab Fab,RSV Long F K68Q ,1,500,0.000586
2025-08-28,Nirsevimab Fab,RSV Long F K68Q ,1,100,0.0006476
2025-08-28,Nirsevimab Fab,RSV Long F K68Q ,1,20,0.0007223
2025-08-28,Nirsevimab Fab,RSV Long F K68Q ,1,4,0.0008956
2025-08-28,Nirsevimab Fab,RSV Long F K68Q ,1,0.8,0.003996
2025-08-28,Nirsevimab Fab,RSV Long F K68Q ,1,0.16,0.2068
2025-08-28,Nirsevimab Fab,RSV Long F K68Q ,1,0.032,0.7596
2025-08-28,Nirsevimab Fab,RSV Long F K68Q ,1,0.0064,1.016
2025-08-28,Nirsevimab Fab,RSV Long F K68Q ,1,0.00128,1.089
2025-08-28,Nirsevimab Fab,RSV Long F K68Q ,2,500,0.004582
2025-08-28,Nirsevimab Fab,RSV Long F K68Q ,2,100,0.004726
2025-08-28,Nirsevimab Fab,RSV Long F K68Q ,2,20,0.004467
2025-08-28,Nirsevimab Fab,RSV Long F K68Q ,2,4,0.00456
2025-08-28,Nirsevimab Fab,RSV Long F K68Q ,2,0.8,0.01005
2025-08-28,Nirsevimab Fab,RSV Long F K68Q ,2,0.16,0.2431
2025-08-28,Nirsevimab Fab,RSV Long F K68Q ,2,0.032,0.8122
2025-08-28,Nirsevimab Fab,RSV Long F K68Q ,2,0.0064,1.065
2025-08-28,Nirsevimab Fab,RSV Long F K68Q ,2,0.00128,1.002
2025-08-28,Nirsevimab IgG,RSV Long F K68N ,1,6.667,0.004759
2025-08-28,Nirsevimab IgG,RSV Long F K68N ,1,1.905,0.004961
2025-08-28,Nirsevimab IgG,RSV Long F K68N ,1,0.5442,0.004638
2025-08-28,Nirsevimab IgG,RSV Long F K68N ,1,0.1555,0.006076
2025-08-28,Nirsevimab IgG,RSV Long F K68N ,1,0.04443,0.1184
2025-08-28,Nirsevimab IgG,RSV Long F K68N ,1,0.01269,0.5345
2025-08-28,Nirsevimab IgG,RSV Long F K68N ,1,0.003627,0.6862
2025-08-28,Nirsevimab IgG,RSV Long F K68N ,1,0.001036,0.9016
2025-08-28,Nirsevimab IgG,RSV Long F K68N ,1,0.0002961,0.8599
2025-08-28,Nirsevimab IgG,RSV Long F K68N ,2,6.667,0.0005481
2025-08-28,Nirsevimab IgG,RSV Long F K68N ,2,1.905,0.000601
2025-08-28,Nirsevimab IgG,RSV Long F K68N ,2,0.5442,0.0005013
2025-08-28,Nirsevimab IgG,RSV Long F K68N ,2,0.1555,0.001079
2025-08-28,Nirsevimab IgG,RSV Long F K68N ,2,0.04443,0.09421
2025-08-28,Nirsevimab IgG,RSV Long F K68N ,2,0.01269,0.4242
2025-08-28,Nirsevimab IgG,RSV Long F K68N ,2,0.003627,0.6523
2025-08-28,Nirsevimab IgG,RSV Long F K68N ,2,0.001036,0.8913
2025-08-28,Nirsevimab IgG,RSV Long F K68N ,2,0.0002961,0.9666
2025-08-28,Nirsevimab Fab,RSV Long F K68N ,1,500,0.001448
2025-08-28,Nirsevimab Fab,RSV Long F K68N ,1,100,0.0007747
2025-08-28,Nirsevimab Fab,RSV Long F K68N ,1,20,0.0009004
2025-08-28,Nirsevimab Fab,RSV Long F K68N ,1,4,0.001028
2025-08-28,Nirsevimab Fab,RSV Long F K68N ,1,0.8,0.001204
2025-08-28,Nirsevimab Fab,RSV Long F K68N ,1,0.16,0.08375
2025-08-28,Nirsevimab Fab,RSV Long F K68N ,1,0.032,0.5913
2025-08-28,Nirsevimab Fab,RSV Long F K68N ,1,0.0064,0.7931
2025-08-28,Nirsevimab Fab,RSV Long F K68N ,1,0.00128,0.9487
2025-08-28,Nirsevimab Fab,RSV Long F K68N ,2,500,0.006073
2025-08-28,Nirsevimab Fab,RSV Long F K68N ,2,100,0.005294
2025-08-28,Nirsevimab Fab,RSV Long F K68N ,2,20,0.005034
2025-08-28,Nirsevimab Fab,RSV Long F K68N ,2,4,0.005324
2025-08-28,Nirsevimab Fab,RSV Long F K68N ,2,0.8,0.004967
2025-08-28,Nirsevimab Fab,RSV Long F K68N ,2,0.16,0.06345
2025-08-28,Nirsevimab Fab,RSV Long F K68N ,2,0.032,0.6665
2025-08-28,Nirsevimab Fab,RSV Long F K68N ,2,0.0064,0.8246
2025-08-28,Nirsevimab Fab,RSV Long F K68N ,2,0.00128,0.8572
2025-08-28,Nirsevimab IgG,RSV Long F K201T ,1,6.667,0.003598
2025-08-28,Nirsevimab IgG,RSV Long F K201T ,1,1.905,0.004081
2025-08-28,Nirsevimab IgG,RSV Long F K201T ,1,0.5442,0.004187
2025-08-28,Nirsevimab IgG,RSV Long F K201T ,1,0.1555,0.006657
2025-08-28,Nirsevimab IgG,RSV Long F K201T ,1,0.04443,0.1247
2025-08-28,Nirsevimab IgG,RSV Long F K201T ,1,0.01269,0.4549
2025-08-28,Nirsevimab IgG,RSV Long F K201T ,1,0.003627,0.7906
2025-08-28,Nirsevimab IgG,RSV Long F K201T ,1,0.001036,0.7357
2025-08-28,Nirsevimab IgG,RSV Long F K201T ,1,0.0002961,0.7332
2025-08-28,Nirsevimab IgG,RSV Long F K201T ,2,6.667,0.0004189
2025-08-28,Nirsevimab IgG,RSV Long F K201T ,2,1.905,0.0005991
2025-08-28,Nirsevimab IgG,RSV Long F K201T ,2,0.5442,0.001774
2025-08-28,Nirsevimab IgG,RSV Long F K201T ,2,0.1555,0.001179
2025-08-28,Nirsevimab IgG,RSV Long F K201T ,2,0.04443,0.125
2025-08-28,Nirsevimab IgG,RSV Long F K201T ,2,0.01269,0.5611
2025-08-28,Nirsevimab IgG,RSV Long F K201T ,2,0.003627,0.7154
2025-08-28,Nirsevimab IgG,RSV Long F K201T ,2,0.001036,0.8017
2025-08-28,Nirsevimab IgG,RSV Long F K201T ,2,0.0002961,0.854
2025-08-28,Nirsevimab Fab,RSV Long F K201T ,1,500,0.0006144
2025-08-28,Nirsevimab Fab,RSV Long F K201T ,1,100,0.000756
2025-08-28,Nirsevimab Fab,RSV Long F K201T ,1,20,0.0008957
2025-08-28,Nirsevimab Fab,RSV Long F K201T ,1,4,0.00626
2025-08-28,Nirsevimab Fab,RSV Long F K201T ,1,0.8,0.1979
2025-08-28,Nirsevimab Fab,RSV Long F K201T ,1,0.16,0.3538
2025-08-28,Nirsevimab Fab,RSV Long F K201T ,1,0.032,0.7068
2025-08-28,Nirsevimab Fab,RSV Long F K201T ,1,0.0064,0.8256
2025-08-28,Nirsevimab Fab,RSV Long F K201T ,1,0.00128,1.013
2025-08-28,Nirsevimab Fab,RSV Long F K201T ,2,500,0.009068
2025-08-28,Nirsevimab Fab,RSV Long F K201T ,2,100,0.004404
2025-08-28,Nirsevimab Fab,RSV Long F K201T ,2,20,0.004541
2025-08-28,Nirsevimab Fab,RSV Long F K201T ,2,4,0.008581
2025-08-28,Nirsevimab Fab,RSV Long F K201T ,2,0.8,0.1853
2025-08-28,Nirsevimab Fab,RSV Long F K201T ,2,0.16,0.5864
2025-08-28,Nirsevimab Fab,RSV Long F K201T ,2,0.032,0.7972
2025-08-28,Nirsevimab Fab,RSV Long F K201T ,2,0.0064,0.7794
2025-08-28,Nirsevimab Fab,RSV Long F K201T ,2,0.00128,1.172
2025-10-02,Nirsevimab IgG,RSV B1 F WT ,1,6.667,0.0001113
2025-10-02,Nirsevimab IgG,RSV B1 F WT ,1,1.905,0.000115
2025-10-02,Nirsevimab IgG,RSV B1 F WT ,1,0.5442,0.005735
2025-10-02,Nirsevimab IgG,RSV B1 F WT ,1,0.1555,0.07525
2025-10-02,Nirsevimab IgG,RSV B1 F WT ,1,0.04443,0.3307
2025-10-02,Nirsevimab IgG,RSV B1 F WT ,1,0.01269,0.5697
2025-10-02,Nirsevimab IgG,RSV B1 F WT ,1,0.003627,0.7469
2025-10-02,Nirsevimab IgG,RSV B1 F WT ,1,0.001036,0.7566
2025-10-02,Nirsevimab IgG,RSV B1 F WT ,1,0.0002961,0.9068
2025-10-02,Nirsevimab IgG,RSV B1 F WT ,2,6.667,6.51e-05
2025-10-02,Nirsevimab IgG,RSV B1 F WT ,2,1.905,0.001323
2025-10-02,Nirsevimab IgG,RSV B1 F WT ,2,0.5442,0.005416
2025-10-02,Nirsevimab IgG,RSV B1 F WT ,2,0.1555,0.08573
2025-10-02,Nirsevimab IgG,RSV B1 F WT ,2,0.04443,0.3711
2025-10-02,Nirsevimab IgG,RSV B1 F WT ,2,0.01269,0.7437
2025-10-02,Nirsevimab IgG,RSV B1 F WT ,2,0.003627,0.7091
2025-10-02,Nirsevimab IgG,RSV B1 F WT ,2,0.001036,0.9651
2025-10-02,Nirsevimab IgG,RSV B1 F WT ,2,0.0002961,0.8438
2025-10-02,Nirsevimab Fab,RSV B1 F WT ,1,500,0.001522
2025-10-02,Nirsevimab Fab,RSV B1 F WT ,1,100,0.01717
2025-10-02,Nirsevimab Fab,RSV B1 F WT ,1,20,0.1093
2025-10-02,Nirsevimab Fab,RSV B1 F WT ,1,4,0.3972
2025-10-02,Nirsevimab Fab,RSV B1 F WT ,1,0.8,0.7899
2025-10-02,Nirsevimab Fab,RSV B1 F WT ,1,0.16,0.8766
2025-10-02,Nirsevimab Fab,RSV B1 F WT ,1,0.032,0.8752
2025-10-02,Nirsevimab Fab,RSV B1 F WT ,1,0.0064,1.039
2025-10-02,Nirsevimab Fab,RSV B1 F WT ,1,0.00128,0.9554
2025-10-02,Nirsevimab Fab,RSV B1 F WT ,2,500,0.0002386
2025-10-02,Nirsevimab Fab,RSV B1 F WT ,2,100,0.02828
2025-10-02,Nirsevimab Fab,RSV B1 F WT ,2,20,0.1311
2025-10-02,Nirsevimab Fab,RSV B1 F WT ,2,4,0.3676
2025-10-02,Nirsevimab Fab,RSV B1 F WT ,2,0.8,0.7434
2025-10-02,Nirsevimab Fab,RSV B1 F WT ,2,0.16,0.8541
2025-10-02,Nirsevimab Fab,RSV B1 F WT ,2,0.032,0.8374
2025-10-02,Nirsevimab Fab,RSV B1 F WT ,2,0.0064,1.068
2025-10-02,Nirsevimab Fab,RSV B1 F WT ,2,0.00128,0.9048
2025-10-02,Nirsevimab IgG,RSV B1 F N201S ,1,6.667,0.005615
2025-10-02,Nirsevimab IgG,RSV B1 F N201S ,1,1.905,0.105
2025-10-02,Nirsevimab IgG,RSV B1 F N201S ,1,0.5442,0.2607
2025-10-02,Nirsevimab IgG,RSV B1 F N201S ,1,0.1555,0.629
2025-10-02,Nirsevimab IgG,RSV B1 F N201S ,1,0.04443,0.9075
2025-10-02,Nirsevimab IgG,RSV B1 F N201S ,1,0.01269,1.031
2025-10-02,Nirsevimab IgG,RSV B1 F N201S ,1,0.003627,0.8934
2025-10-02,Nirsevimab IgG,RSV B1 F N201S ,1,0.001036,1.155
2025-10-02,Nirsevimab IgG,RSV B1 F N201S ,1,0.0002961,1.043
2025-10-02,Nirsevimab IgG,RSV B1 F N201S ,2,6.667,0.006182
2025-10-02,Nirsevimab IgG,RSV B1 F N201S ,2,1.905,0.09105
2025-10-02,Nirsevimab IgG,RSV B1 F N201S ,2,0.5442,0.3324
2025-10-02,Nirsevimab IgG,RSV B1 F N201S ,2,0.1555,0.5833
2025-10-02,Nirsevimab IgG,RSV B1 F N201S ,2,0.04443,0.8959
2025-10-02,Nirsevimab IgG,RSV B1 F N201S ,2,0.01269,0.9782
2025-10-02,Nirsevimab IgG,RSV B1 F N201S ,2,0.003627,1.085
2025-10-02,Nirsevimab IgG,RSV B1 F N201S ,2,0.001036,0.9807
2025-10-02,Nirsevimab IgG,RSV B1 F N201S ,2,0.0002961,1.121
2025-10-02,Nirsevimab Fab,RSV B1 F N201S ,1,500,0.06275
2025-10-02,Nirsevimab Fab,RSV B1 F N201S ,1,100,0.3678
2025-10-02,Nirsevimab Fab,RSV B1 F N201S ,1,20,0.8957
2025-10-02,Nirsevimab Fab,RSV B1 F N201S ,1,4,0.976
2025-10-02,Nirsevimab Fab,RSV B1 F N201S ,1,0.8,1.013
2025-10-02,Nirsevimab Fab,RSV B1 F N201S ,1,0.16,1.07
2025-10-02,Nirsevimab Fab,RSV B1 F N201S ,1,0.032,1.106
2025-10-02,Nirsevimab Fab,RSV B1 F N201S ,1,0.0064,1.068
2025-10-02,Nirsevimab Fab,RSV B1 F N201S ,1,0.00128,0.8769
2025-10-02,Nirsevimab Fab,RSV B1 F N201S ,2,500,0.05826
2025-10-02,Nirsevimab Fab,RSV B1 F N201S ,2,100,0.3593
2025-10-02,Nirsevimab Fab,RSV B1 F N201S ,2,20,0.7803
2025-10-02,Nirsevimab Fab,RSV B1 F N201S ,2,4,1.011
2025-10-02,Nirsevimab Fab,RSV B1 F N201S ,2,0.8,0.9762
2025-10-02,Nirsevimab Fab,RSV B1 F N201S ,2,0.16,1.104
2025-10-02,Nirsevimab Fab,RSV B1 F N201S ,2,0.032,1.02
2025-10-02,Nirsevimab Fab,RSV B1 F N201S ,2,0.0064,1.059
2025-10-02,Nirsevimab Fab,RSV B1 F N201S ,2,0.00128,0.9975
2025-10-02,Nirsevimab IgG,RSV B1 F N201T ,1,6.667,0.01037
2025-10-02,Nirsevimab IgG,RSV B1 F N201T ,1,1.905,0.1503
2025-10-02,Nirsevimab IgG,RSV B1 F N201T ,1,0.5442,0.4246
2025-10-02,Nirsevimab IgG,RSV B1 F N201T ,1,0.1555,0.8352
2025-10-02,Nirsevimab IgG,RSV B1 F N201T ,1,0.04443,0.8758
2025-10-02,Nirsevimab IgG,RSV B1 F N201T ,1,0.01269,0.9254
2025-10-02,Nirsevimab IgG,RSV B1 F N201T ,1,0.003627,0.9248
2025-10-02,Nirsevimab IgG,RSV B1 F N201T ,1,0.001036,0.9627
2025-10-02,Nirsevimab IgG,RSV B1 F N201T ,1,0.0002961,1.036
2025-10-02,Nirsevimab IgG,RSV B1 F N201T ,2,6.667,0.0191
2025-10-02,Nirsevimab IgG,RSV B1 F N201T ,2,1.905,0.2078
2025-10-02,Nirsevimab IgG,RSV B1 F N201T ,2,0.5442,0.4837
2025-10-02,Nirsevimab IgG,RSV B1 F N201T ,2,0.1555,0.887
2025-10-02,Nirsevimab IgG,RSV B1 F N201T ,2,0.04443,0.9491
2025-10-02,Nirsevimab IgG,RSV B1 F N201T ,2,0.01269,0.9687
2025-10-02,Nirsevimab IgG,RSV B1 F N201T ,2,0.003627,0.9167
2025-10-02,Nirsevimab IgG,RSV B1 F N201T ,2,0.001036,0.8045
2025-10-02,Nirsevimab IgG,RSV B1 F N201T ,2,0.0002961,0.945
2025-10-02,Nirsevimab Fab,RSV B1 F N201T ,1,500,0.2955
2025-10-02,Nirsevimab Fab,RSV B1 F N201T ,1,100,0.6005
2025-10-02,Nirsevimab Fab,RSV B1 F N201T ,1,20,0.8627
2025-10-02,Nirsevimab Fab,RSV B1 F N201T ,1,4,0.8344
2025-10-02,Nirsevimab Fab,RSV B1 F N201T ,1,0.8,0.8766
2025-10-02,Nirsevimab Fab,RSV B1 F N201T ,1,0.16,0.8976
2025-10-02,Nirsevimab Fab,RSV B1 F N201T ,1,0.032,0.8459
2025-10-02,Nirsevimab Fab,RSV B1 F N201T ,1,0.0064,1.048
2025-10-02,Nirsevimab Fab,RSV B1 F N201T ,1,0.00128,0.8853
2025-10-02,Nirsevimab Fab,RSV B1 F N201T ,2,500,0.2892
2025-10-02,Nirsevimab Fab,RSV B1 F N201T ,2,100,0.656
2025-10-02,Nirsevimab Fab,RSV B1 F N201T ,2,20,0.8344
2025-10-02,Nirsevimab Fab,RSV B1 F N201T ,2,4,0.9406
2025-10-02,Nirsevimab Fab,RSV B1 F N201T ,2,0.8,0.8461
2025-10-02,Nirsevimab Fab,RSV B1 F N201T ,2,0.16,0.8578
2025-10-02,Nirsevimab Fab,RSV B1 F N201T ,2,0.032,0.909
2025-10-02,Nirsevimab Fab,RSV B1 F N201T ,2,0.0064,1.001
2025-10-02,Nirsevimab Fab,RSV B1 F N201T ,2,0.00128,1.029
2025-10-02,Nirsevimab IgG,RSV B1 F K68Q ,1,6.667,0.01472
2025-10-02,Nirsevimab IgG,RSV B1 F K68Q ,1,1.905,0.125
2025-10-02,Nirsevimab IgG,RSV B1 F K68Q ,1,0.5442,0.523
2025-10-02,Nirsevimab IgG,RSV B1 F K68Q ,1,0.1555,0.8732
2025-10-02,Nirsevimab IgG,RSV B1 F K68Q ,1,0.04443,1.022
2025-10-02,Nirsevimab IgG,RSV B1 F K68Q ,1,0.01269,1.023
2025-10-02,Nirsevimab IgG,RSV B1 F K68Q ,1,0.003627,0.9071
2025-10-02,Nirsevimab IgG,RSV B1 F K68Q ,1,0.001036,0.928
2025-10-02,Nirsevimab IgG,RSV B1 F K68Q ,1,0.0002961,1.017
2025-10-02,Nirsevimab IgG,RSV B1 F K68Q ,2,6.667,0.01548
2025-10-02,Nirsevimab IgG,RSV B1 F K68Q ,2,1.905,0.1783
2025-10-02,Nirsevimab IgG,RSV B1 F K68Q ,2,0.5442,0.4993
2025-10-02,Nirsevimab IgG,RSV B1 F K68Q ,2,0.1555,0.8746
2025-10-02,Nirsevimab IgG,RSV B1 F K68Q ,2,0.04443,0.9152
2025-10-02,Nirsevimab IgG,RSV B1 F K68Q ,2,0.01269,1.067
2025-10-02,Nirsevimab IgG,RSV B1 F K68Q ,2,0.003627,1.067
2025-10-02,Nirsevimab IgG,RSV B1 F K68Q ,2,0.001036,0.9904
2025-10-02,Nirsevimab IgG,RSV B1 F K68Q ,2,0.0002961,1.065
2025-10-02,Nirsevimab Fab,RSV B1 F K68Q ,1,500,0.1723
2025-10-02,Nirsevimab Fab,RSV B1 F K68Q ,1,100,0.5441
2025-10-02,Nirsevimab Fab,RSV B1 F K68Q ,1,20,0.9328
2025-10-02,Nirsevimab Fab,RSV B1 F K68Q ,1,4,1.043
2025-10-02,Nirsevimab Fab,RSV B1 F K68Q ,1,0.8,1.035
2025-10-02,Nirsevimab Fab,RSV B1 F K68Q ,1,0.16,0.9315
2025-10-02,Nirsevimab Fab,RSV B1 F K68Q ,1,0.032,0.9872
2025-10-02,Nirsevimab Fab,RSV B1 F K68Q ,1,0.0064,0.9865
2025-10-02,Nirsevimab Fab,RSV B1 F K68Q ,1,0.00128,0.9503
2025-10-02,Nirsevimab Fab,RSV B1 F K68Q ,2,500,0.143
2025-10-02,Nirsevimab Fab,RSV B1 F K68Q ,2,100,0.5794
2025-10-02,Nirsevimab Fab,RSV B1 F K68Q ,2,20,0.9512
2025-10-02,Nirsevimab Fab,RSV B1 F K68Q ,2,4,1.209
2025-10-02,Nirsevimab Fab,RSV B1 F K68Q ,2,0.8,1.138
2025-10-02,Nirsevimab Fab,RSV B1 F K68Q ,2,0.16,0.9637
2025-10-02,Nirsevimab Fab,RSV B1 F K68Q ,2,0.032,1.127
2025-10-02,Nirsevimab Fab,RSV B1 F K68Q ,2,0.0064,1.067
2025-10-02,Nirsevimab Fab,RSV B1 F K68Q ,2,0.00128,0.8982
2025-10-02,Nirsevimab IgG,RSV B1 F K68N ,1,6.667,0.006743
2025-10-02,Nirsevimab IgG,RSV B1 F K68N ,1,1.905,0.0959
2025-10-02,Nirsevimab IgG,RSV B1 F K68N ,1,0.5442,0.3013
2025-10-02,Nirsevimab IgG,RSV B1 F K68N ,1,0.1555,0.6994
2025-10-02,Nirsevimab IgG,RSV B1 F K68N ,1,0.04443,0.9783
2025-10-02,Nirsevimab IgG,RSV B1 F K68N ,1,0.01269,0.9636
2025-10-02,Nirsevimab IgG,RSV B1 F K68N ,1,0.003627,1.057
2025-10-02,Nirsevimab IgG,RSV B1 F K68N ,1,0.001036,1.036
2025-10-02,Nirsevimab IgG,RSV B1 F K68N ,1,0.0002961,1.044
2025-10-02,Nirsevimab IgG,RSV B1 F K68N ,2,6.667,0.004313
2025-10-02,Nirsevimab IgG,RSV B1 F K68N ,2,1.905,0.07361
2025-10-02,Nirsevimab IgG,RSV B1 F K68N ,2,0.5442,0.3198
2025-10-02,Nirsevimab IgG,RSV B1 F K68N ,2,0.1555,0.5905
2025-10-02,Nirsevimab IgG,RSV B1 F K68N ,2,0.04443,0.9767
2025-10-02,Nirsevimab IgG,RSV B1 F K68N ,2,0.01269,0.9136
2025-10-02,Nirsevimab IgG,RSV B1 F K68N ,2,0.003627,1.181
2025-10-02,Nirsevimab IgG,RSV B1 F K68N ,2,0.001036,1.012
2025-10-02,Nirsevimab IgG,RSV B1 F K68N ,2,0.0002961,0.759
2025-10-02,Nirsevimab Fab,RSV B1 F K68N ,1,500,0.05315
2025-10-02,Nirsevimab Fab,RSV B1 F K68N ,1,100,0.2953
2025-10-02,Nirsevimab Fab,RSV B1 F K68N ,1,20,0.8643
2025-10-02,Nirsevimab Fab,RSV B1 F K68N ,1,4,1.058
2025-10-02,Nirsevimab Fab,RSV B1 F K68N ,1,0.8,1.112
2025-10-02,Nirsevimab Fab,RSV B1 F K68N ,1,0.16,1.21
2025-10-02,Nirsevimab Fab,RSV B1 F K68N ,1,0.032,1.213
2025-10-02,Nirsevimab Fab,RSV B1 F K68N ,1,0.0064,1.118
2025-10-02,Nirsevimab Fab,RSV B1 F K68N ,1,0.00128,1.074
2025-10-02,Nirsevimab Fab,RSV B1 F K68N ,2,500,0.06259
2025-10-02,Nirsevimab Fab,RSV B1 F K68N ,2,100,0.2909
2025-10-02,Nirsevimab Fab,RSV B1 F K68N ,2,20,0.8488
2025-10-02,Nirsevimab Fab,RSV B1 F K68N ,2,4,1.106
2025-10-02,Nirsevimab Fab,RSV B1 F K68N ,2,0.8,1.196
2025-10-02,Nirsevimab Fab,RSV B1 F K68N ,2,0.16,1.179
2025-10-02,Nirsevimab Fab,RSV B1 F K68N ,2,0.032,1.371
2025-10-02,Nirsevimab Fab,RSV B1 F K68N ,2,0.0064,1.173
2025-10-02,Nirsevimab Fab,RSV B1 F K68N ,2,0.00128,1.05
